{
  "project_info": {
    "project_number": "584870699618",
    "project_id": "newnewnewfb-ee5fa",
    "storage_bucket": "newnewnewfb-ee5fa.appspot.com"
  },
  "client": [
    {
      "client_info": {
        "mobilesdk_app_id": "1:584870699618:android:a982a08f9b922c2510673b",
        "android_client_info": {
          "package_name": "com.example.newnewnewfb"
        }
      },
      "oauth_client": [
        {
          "client_id": "584870699618-aagmfs9n9hdd9t486leanavspk420oaq.apps.googleusercontent.com",
          "client_type": 3
        }
      ],
      "api_key": [
        {
          "current_key": "AIzaSyDrZoRCdTxqezWrS_N0WpMgBT1reY-83fo"
        }
      ],
      "services": {
        "appinvite_service": {
          "other_platform_oauth_client": [
            {
              "client_id": "584870699618-aagmfs9n9hdd9t486leanavspk420oaq.apps.googleusercontent.com",
              "client_type": 3
            }
          ]
        }
      }
    }
  ],
  "configuration_version": "1"
}